accuracy,precision,recall,f1_score,roc_auc
0.6945024356297843,0.7923124612523249,0.7018121911037891,0.7443214909726267,0.7564548454169542
