accuracy,precision,recall,f1_score,roc_auc
0.6503131524008351,0.7518518518518519,0.6688632619439868,0.7079337401918047,0.6962857618175209
