accuracy,precision,recall,f1_score,roc_auc
0.7501739735560194,0.7517115472387038,0.9044481054365733,0.821036889332004,0.8138341174218897
