accuracy,precision,recall,f1_score,roc_auc
0.7449547668754349,0.7454873646209387,0.9071938495332235,0.8184295268763934,0.8092547482077046
