accuracy,precision,recall,f1_score,roc_auc
0.7550452331245651,0.7663328564616119,0.8824821526633718,0.8203164880040837,0.8135407686936151
