accuracy,precision,recall,f1_score,roc_auc
0.7459986082115518,0.7675331044629721,0.8594179022515102,0.810880829015544,0.8028347135065055
